community_detector,used_communities,algorithm_rec,test_size,split_id,rmse,mse,mae
Not-Applicable,,SVD,0.25,1,1.185617774057819,1.4056895061618175,0.9726824610300976
Louvain,1.0,SVD,0.25,1,1.3105603616838721,1.717568461616962,1.0697787728364594
Louvain,2.0,SVD,0.25,1,1.32617847629285,1.758749350982425,1.084275413340888
Louvain,3.0,SVD,0.25,1,1.3228936692922493,1.7500476602535109,1.0817856359036904
Louvain,4.0,SVD,0.25,1,1.3205045970016986,1.7437323907026188,1.079672592747662
